date,close_price
2015-01-02,39.99869155883789
2015-01-05,39.630882263183594
2015-01-06,39.04920196533203
2015-01-07,39.54533004760742
2015-01-08,40.70868682861328
2015-01-09,40.36653137207031
2015-01-12,39.86183547973633
2015-01-13,39.65653991699219
2015-01-14,39.31437301635742
2015-01-15,38.903778076171875
2015-01-16,39.55388641357422
2015-01-20,39.682193756103516
2015-01-21,39.28015899658203
2015-01-22,40.31520462036133
2015-01-23,40.357975006103516
2015-01-26,40.21255874633789
2015-01-27,36.491539001464844
2015-01-28,35.23410415649414
2015-01-29,35.93552780151367
2015-01-30,34.5583381652832
2015-02-02,35.31108093261719
2015-02-03,35.58482360839844
2015-02-04,35.79011154174805
2015-02-05,36.31190872192383
2015-02-06,36.27769470214844
2015-02-09,36.234920501708984
2015-02-10,36.440216064453125
2015-02-11,36.25204086303711
2015-02-12,36.859378814697266
2015-02-13,37.52658462524414
2015-02-17,37.5438117980957
2015-02-18,37.500736236572266
2015-02-19,37.47489929199219
2015-02-20,37.78502655029297
2015-02-23,38.03487014770508
2015-02-24,37.98317337036133
2015-02-25,37.897029876708984
2015-02-26,37.957332611083984
2015-02-27,37.77640914916992
2015-03-02,37.802249908447266
2015-03-03,37.285369873046875
2015-03-04,37.09583282470703
2015-03-05,37.13890838623047
2015-03-06,36.4927864074707
2015-03-09,36.91492462158203
2015-03-10,36.208492279052734
2015-03-11,36.16542434692383
2015-03-12,35.33839797973633
2015-03-13,35.648529052734375
2015-03-16,35.8036003112793
2015-03-17,35.9242057800293
2015-03-18,36.61339569091797
2015-03-19,36.43247985839844
2015-03-20,36.940765380859375
2015-03-23,36.923545837402344
2015-03-24,36.9579963684082
2015-03-25,35.71744155883789
2015-03-26,35.5020866394043
2015-03-27,35.29533004760742
2015-03-30,35.286705017089844
2015-03-31,35.02824783325195
2015-04-01,35.07994842529297
2015-04-02,34.70951461791992
2015-04-06,35.79499053955078
2015-04-07,35.77775192260742
2015-04-08,35.68299865722656
2015-04-09,35.734676361083984
2015-04-10,35.94143295288086
2015-04-13,35.97589874267578
2015-04-14,35.881134033203125
2015-04-15,36.40664291381836
2015-04-16,36.32049560546875
2015-04-17,35.85528564453125
2015-04-20,36.96662139892578
2015-04-21,36.734004974365234
2015-04-22,37.035526275634766
2015-04-23,37.337059020996094
2015-04-24,41.23961639404297
2015-04-27,41.37744903564453
2015-04-28,42.3509407043457
2015-04-29,42.26478958129883
2015-04-30,41.902950286865234
2015-05-01,41.92019271850586
2015-05-04,41.55836486816406
2015-05-05,41.007015228271484
2015-05-06,39.869834899902344
2015-05-07,40.23167419433594
2015-05-08,41.13623046875
2015-05-11,40.808860778808594
2015-05-12,40.7916374206543
2015-05-13,41.0328483581543
2015-05-14,41.97188186645508
2015-05-15,41.61005783081055
2015-05-18,41.36022186279297
2015-05-19,41.25617599487305
2015-05-20,41.25617599487305
2015-05-21,41.117435455322266
2015-05-22,40.66654586791992
2015-05-26,40.397743225097656
2015-05-27,41.282196044921875
2015-05-28,41.143436431884766
2015-05-29,40.63187026977539
2015-06-01,40.95268630981445
2015-06-02,40.68388748168945
2015-06-03,40.62317657470703
2015-06-04,40.19832229614258
2015-06-05,40.007568359375
2015-06-08,39.652061462402344
2015-06-09,39.58269119262695
2015-06-10,40.41508865356445
2015-06-11,40.26768112182617
2015-06-12,39.860164642333984
2015-06-15,39.43527603149414
2015-06-16,39.73875427246094
2015-06-17,39.860164642333984
2015-06-18,40.51046371459961
2015-06-19,39.97288131713867
2015-06-22,40.085601806640625
2015-06-23,39.808128356933594
2015-06-24,39.574012756347656
2015-06-25,39.58269119262695
2015-06-26,39.24451446533203
2015-06-29,38.472801208496094
2015-06-30,38.28205108642578
2015-07-01,38.54218673706055
2015-07-02,38.49883270263672
2015-07-06,38.49015426635742
2015-07-07,38.412109375
2015-07-08,38.36008834838867
2015-07-09,38.60287857055664
2015-07-10,38.68092346191406
2015-07-13,39.48731231689453
2015-07-14,39.55666732788086
2015-07-15,39.678070068359375
2015-07-16,40.458438873291016
2015-07-17,40.423770904541016
2015-07-20,40.68388748168945
2015-07-21,40.99604034423828
2015-07-22,39.48731231689453
2015-07-23,39.981544494628906
2015-07-24,39.83414840698242
2015-07-27,39.32255935668945
2015-07-28,39.31388854980469
2015-07-29,40.137630462646484
2015-07-30,40.64920425415039
2015-07-31,40.49312973022461
2015-08-03,40.588504791259766
2015-08-04,41.22147750854492
2015-08-05,41.25617599487305
2015-08-06,40.423770904541016
2015-08-07,40.52781677246094
2015-08-10,41.039405822753906
2015-08-11,40.24168014526367
2015-08-12,40.52781677246094
2015-08-13,40.519142150878906
2015-08-14,40.75325012207031
2015-08-17,41.03072738647461
2015-08-18,41.257667541503906
2015-08-19,40.68159866333008
2015-08-20,39.85243606567383
2015-08-21,37.591861724853516
2015-08-24,36.378662109375
2015-08-25,35.32255554199219
2015-08-26,37.27765655517578
2015-08-27,38.31629180908203
2015-08-28,38.342472076416016
2015-08-31,37.98462677001953
2015-09-01,36.5008544921875
2015-09-02,37.844970703125
2015-09-03,37.96717071533203
2015-09-04,37.190364837646484
2015-09-08,38.30756378173828
2015-09-09,37.591861724853516
2015-09-10,37.78387451171875
2015-09-11,37.9497184753418
2015-09-14,37.5656852722168
2015-09-15,38.386104583740234
2015-09-16,38.66542053222656
2015-09-17,38.62177276611328
2015-09-18,37.9497184753418
2015-09-21,38.49956512451172
2015-09-22,38.31629180908203
2015-09-23,38.29011917114258
2015-09-24,38.32501983642578
2015-09-25,38.35120391845703
2015-09-28,37.78387451171875
2015-09-29,37.914791107177734
2015-09-30,38.63050079345703
2015-10-01,38.93598937988281
2015-10-02,39.77389907836914
2015-10-05,40.69906997680664
2015-10-06,40.80377960205078
2015-10-07,40.847434997558594
2015-10-08,41.414756774902344
2015-10-09,41.11800765991211
2015-10-12,41.02199935913086
2015-10-13,40.925987243652344
2015-10-14,40.742706298828125
2015-10-15,41.030731201171875
2015-10-16,41.467132568359375
2015-10-19,41.56313705444336
2015-10-20,41.69406509399414
2015-10-21,41.196563720703125
2015-10-22,41.92099380493164
2015-10-23,46.145389556884766
2015-10-26,47.349849700927734
2015-10-27,46.8610954284668
2015-10-28,47.114200592041016
2015-10-29,46.573062896728516
2015-10-30,45.944637298583984
2015-11-02,46.46833038330078
2015-11-03,47.2625732421875
2015-11-04,47.48078155517578
2015-11-05,47.46333694458008
2015-11-06,47.93463897705078
2015-11-09,47.271305084228516
2015-11-10,46.70398712158203
2015-11-11,46.8261833190918
2015-11-12,46.538150787353516
2015-11-13,46.11920928955078
2015-11-16,46.9309196472168
2015-11-17,46.54429244995117
2015-11-18,47.317535400390625
2015-11-19,47.3966178894043
2015-11-20,47.616294860839844
2015-11-23,47.616294860839844
2015-11-24,47.669010162353516
2015-11-25,47.17694091796875
2015-11-27,47.387840270996094
2015-11-30,47.75687789916992
2015-12-01,48.52133560180664
2015-12-02,48.512550354003906
2015-12-03,47.62508773803711
2015-12-04,49.12763977050781
2015-12-07,49.0397834777832
2015-12-08,49.02219009399414
2015-12-09,48.310455322265625
2015-12-10,48.565277099609375
2015-12-11,47.502071380615234
2015-12-14,48.451053619384766
2015-12-15,48.50377655029297
2015-12-16,49.32096481323242
2015-12-17,48.943111419677734
2015-12-18,47.563575744628906
2015-12-21,48.17866897583008
2015-12-22,48.63557434082031
2015-12-23,49.048545837402344
2015-12-24,48.9167594909668
2015-12-28,49.16279220581055
2015-12-29,49.68999481201172
2015-12-30,49.479122161865234
2015-12-31,48.749813079833984
2016-01-04,48.15229415893555
2016-01-05,48.37195587158203
2016-01-06,47.4932861328125
2016-01-07,45.84134292602539
2016-01-08,45.98192596435547
2016-01-11,45.95556640625
2016-01-12,46.377349853515625
2016-01-13,45.3756217956543
2016-01-14,46.667293548583984
2016-01-15,44.804481506347656
2016-01-19,44.4266357421875
2016-01-20,44.628746032714844
2016-01-21,44.35634231567383
2016-01-22,45.946781158447266
2016-01-25,45.5074348449707
2016-01-26,45.84134292602539
2016-01-27,45.00658416748047
2016-01-28,45.74468231201172
2016-01-29,48.4071044921875
2016-02-01,48.07320785522461
2016-02-02,46.57064437866211
2016-02-03,45.832542419433594
2016-02-04,45.69194793701172
2016-02-05,44.07515335083008
2016-02-08,43.41614532470703
2016-02-09,43.301910400390625
2016-02-10,43.67976379394531
2016-02-11,43.662174224853516
2016-02-12,44.37392044067383
2016-02-16,45.21467971801758
2016-02-17,46.391719818115234
2016-02-18,46.188175201416016
2016-02-19,45.8607177734375
2016-02-22,46.595272064208984
2016-02-23,45.2943115234375
2016-02-24,45.4536247253418
2016-02-25,46.108524322509766
2016-02-26,45.4005126953125
2016-02-29,45.02883529663086
2016-03-01,46.5333251953125
2016-03-02,46.860774993896484
2016-03-03,46.329769134521484
2016-03-04,46.04658889770508
2016-03-07,45.16156005859375
2016-03-08,45.710269927978516
2016-03-09,46.763423919677734
2016-03-10,46.06426239013672
2016-03-11,46.96697235107422
2016-03-14,47.05547332763672
2016-03-15,47.427181243896484
2016-03-16,48.09977722167969
2016-03-17,48.374122619628906
2016-03-18,47.33866500854492
2016-03-21,47.66612243652344
2016-03-22,47.85197448730469
2016-03-23,47.76346969604492
2016-03-24,47.97587585449219
2016-03-28,47.3829231262207
2016-03-29,48.41836929321289
2016-03-30,48.719268798828125
2016-03-31,48.87857437133789
2016-04-01,49.179473876953125
2016-04-04,49.055580139160156
2016-04-05,48.28562927246094
2016-04-06,48.781219482421875
2016-04-07,48.19712448120117
2016-04-08,48.16172409057617
2016-04-11,48.06438064575195
2016-04-12,48.36527633666992
2016-04-13,48.984764099121094
2016-04-14,48.99363327026367
2016-04-15,49.250282287597656
2016-04-18,49.967124938964844
2016-04-19,49.90517044067383
2016-04-20,49.19717788696289
2016-04-21,49.36531448364258
2016-04-22,45.82532501220703
2016-04-25,46.11737060546875
2016-04-26,45.5244255065918
2016-04-27,45.08192443847656
2016-04-28,44.161529541015625
2016-04-29,44.134979248046875
2016-05-02,44.78987121582031
2016-05-03,44.05531692504883
2016-05-04,44.134979248046875
2016-05-05,44.196937561035156
2016-05-06,44.59516906738281
2016-05-09,44.31196975708008
2016-05-10,45.152713775634766
2016-05-11,45.17927932739258
2016-05-12,45.58637237548828
2016-05-13,45.20582580566406
2016-05-16,45.86958694458008
2016-05-17,45.01403045654297
2016-05-18,45.2813835144043
2016-05-19,44.84469985961914
2016-05-20,45.112060546875
2016-05-23,44.586265563964844
2016-05-24,45.97650909423828
2016-05-25,46.4488525390625
2016-05-26,46.243873596191406
2016-05-27,46.6270751953125
2016-05-31,47.23308563232422
2016-06-01,47.09941101074219
2016-06-02,46.769676208496094
2016-06-03,46.15474319458008
2016-06-06,46.45774841308594
2016-06-07,46.43102264404297
2016-06-08,46.3775520324707
2016-06-09,46.003257751464844
2016-06-10,45.87847900390625
2016-06-13,44.68428421020508
2016-06-14,44.408023834228516
2016-06-15,44.28324508666992
2016-06-16,44.90709686279297
2016-06-17,44.67538833618164
2016-06-20,44.62189483642578
2016-06-21,45.62004470825195
2016-06-22,45.44179916381836
2016-06-23,46.26170349121094
2016-06-24,44.408023834228516
2016-06-27,43.16034698486328
2016-06-28,44.06045913696289
2016-06-29,45.0407600402832
2016-06-30,45.60221862792969
2016-07-01,45.59330368041992
2016-07-05,45.60221862792969
2016-07-06,45.78937911987305
2016-07-07,45.78937911987305
2016-07-08,46.609256744384766
2016-07-11,46.86771011352539
2016-07-12,47.42023468017578
2016-07-13,47.68760299682617
2016-07-14,47.892574310302734
2016-07-15,47.85692596435547
2016-07-18,48.08863830566406
2016-07-19,47.31330108642578
2016-07-20,49.826454162597656
2016-07-21,49.728424072265625
2016-07-22,50.41463851928711
2016-07-25,50.557228088378906
2016-07-26,50.58396911621094
2016-07-27,50.075992584228516
2016-07-28,50.093814849853516
2016-07-29,50.51268768310547
2016-08-01,50.42355728149414
2016-08-02,50.42355728149414
2016-08-03,50.77112579345703
2016-08-04,51.14542007446289
2016-08-05,51.65339279174805
2016-08-08,51.742523193359375
2016-08-09,51.867286682128906
2016-08-10,51.70687484741211
2016-08-11,51.95640182495117
2016-08-12,51.63556671142578
2016-08-15,51.79598617553711
2016-08-16,51.50901794433594
2016-08-17,51.61664581298828
2016-08-18,51.65251922607422
2016-08-19,51.670448303222656
2016-08-22,51.71527862548828
2016-08-23,51.912559509277344
2016-08-24,51.966365814208984
2016-08-25,52.16365051269531
2016-08-26,52.03810119628906
2016-08-29,52.10087966918945
2016-08-30,51.912559509277344
2016-08-31,51.52696228027344
2016-09-01,51.6435546875
2016-09-02,51.71527862548828
2016-09-06,51.661476135253906
2016-09-07,51.7063102722168
2016-09-08,51.500057220458984
2016-09-09,50.40603256225586
2016-09-12,51.1593017578125
2016-09-13,50.6929931640625
2016-09-14,50.450870513916016
2016-09-15,51.28483963012695
2016-09-16,51.33863830566406
2016-09-19,51.05168914794922
2016-09-20,50.94407653808594
2016-09-21,51.79598617553711
2016-09-22,51.84979248046875
2016-09-23,51.500057220458984
2016-09-26,51.024784088134766
2016-09-27,51.966365814208984
2016-09-28,52.03810119628906
2016-09-29,51.47317123413086
2016-09-30,51.65251922607422
2016-10-03,51.49109649658203
2016-10-04,51.32968521118164
2016-10-05,51.68837356567383
2016-10-06,51.77806854248047
2016-10-07,51.83185577392578
2016-10-10,52.047080993652344
2016-10-11,51.28483963012695
2016-10-12,51.21310043334961
2016-10-13,51.04271697998047
2016-10-14,51.49109649658203
2016-10-17,51.311744689941406
2016-10-18,51.7063102722168
2016-10-19,51.589744567871094
2016-10-20,51.33863830566406
2016-10-21,53.49980163574219
2016-10-24,54.70145797729492
2016-10-25,54.69247055053711
2016-10-26,54.36964416503906
2016-10-27,53.894371032714844
2016-10-28,53.68811798095703
2016-10-31,53.73294448852539
2016-11-01,53.62535095214844
2016-11-02,53.293548583984375
2016-11-03,53.09627151489258
2016-11-04,52.64788818359375
2016-11-07,54.18132019042969
2016-11-08,54.226165771484375
2016-11-09,53.9571418762207
2016-11-10,52.63892364501953
2016-11-11,52.92588806152344
2016-11-14,52.118812561035156
2016-11-15,53.148006439208984
2016-11-16,53.85219192504883
2016-11-17,54.74596405029297
2016-11-18,54.484153747558594
2016-11-21,54.94459533691406
2016-11-22,55.1793098449707
2016-11-23,54.52931213378906
2016-11-25,54.646671295166016
2016-11-28,54.7188835144043
2016-11-29,55.152244567871094
2016-11-30,54.40290451049805
2016-12-01,53.44593811035156
2016-12-02,53.491085052490234
2016-12-05,54.366798400878906
2016-12-06,54.1230354309082
2016-12-07,55.405006408691406
2016-12-08,55.08000564575195
2016-12-09,55.94670867919922
2016-12-12,56.12725067138672
2016-12-13,56.8585319519043
2016-12-14,56.58769607543945
2016-12-15,56.497406005859375
2016-12-16,56.244625091552734
2016-12-19,57.436317443847656
2016-12-20,57.36410140991211
2016-12-21,57.36410140991211
2016-12-22,57.37312316894531
2016-12-23,57.09326171875
2016-12-27,57.129356384277344
2016-12-28,56.867557525634766
2016-12-29,56.78630447387695
2016-12-30,56.10017395019531
2017-01-03,56.497406005859375
2017-01-04,56.244625091552734
2017-01-05,56.244625091552734
2017-01-06,56.732147216796875
2017-01-09,56.551578521728516
2017-01-10,56.53351974487305
2017-01-11,57.048126220703125
2017-01-12,56.52449035644531
2017-01-13,56.60574722290039
2017-01-17,56.452266693115234
2017-01-18,56.425174713134766
2017-01-19,56.244625091552734
2017-01-20,56.641849517822266
2017-01-23,56.84047317504883
2017-01-24,57.346046447753906
2017-01-25,57.4904899597168
2017-01-26,58.02314758300781
2017-01-27,59.386383056640625
2017-01-30,58.7995491027832
2017-01-31,58.3662109375
2017-02-01,57.400211334228516
2017-02-02,57.03007125854492
2017-02-03,57.4904899597168
2017-02-06,57.454376220703125
2017-02-07,57.26480484008789
2017-02-08,57.183528900146484
2017-02-09,57.83354949951172
2017-02-10,57.77939224243164
2017-02-13,58.42940902709961
2017-02-14,58.64739227294922
2017-02-15,58.611061096191406
2017-02-16,58.60197067260742
2017-02-17,58.692806243896484
2017-02-21,58.57472229003906
2017-02-22,58.456661224365234
2017-02-23,58.692806243896484
2017-02-24,58.692806243896484
2017-02-27,58.33857727050781
2017-02-28,58.111507415771484
2017-03-01,58.98345184326172
2017-03-02,58.138771057128906
2017-03-03,58.35673904418945
2017-03-06,58.37491226196289
2017-03-07,58.492984771728516
2017-03-08,59.02886199951172
2017-03-09,58.792724609375
2017-03-10,58.97437286376953
2017-03-13,58.77454376220703
2017-03-14,58.502079010009766
2017-03-15,58.81088638305664
2017-03-16,58.710975646972656
2017-03-17,58.919883728027344
2017-03-20,58.97437286376953
2017-03-21,58.320411682128906
2017-03-22,59.06520462036133
2017-03-23,58.919883728027344
2017-03-24,59.0197868347168
2017-03-27,59.128761291503906
2017-03-28,59.30134963989258
2017-03-29,59.46483612060547
2017-03-30,59.682830810546875
2017-03-31,59.819061279296875
2017-04-03,59.537506103515625
2017-04-04,59.700992584228516
2017-04-05,59.546573638916016
2017-04-06,59.700992584228516
2017-04-07,59.65556716918945
2017-04-10,59.51933288574219
2017-04-11,59.47393798828125
2017-04-12,59.246864318847656
2017-04-13,58.99253463745117
2017-04-17,59.47393798828125
2017-04-18,59.39218521118164
2017-04-19,59.074283599853516
2017-04-20,59.49209976196289
2017-04-21,60.309547424316406
2017-04-24,61.33588790893555
2017-04-25,61.69011306762695
2017-04-26,61.608375549316406
2017-04-27,62.008018493652344
2017-04-28,62.18059158325195
2017-05-01,63.04344177246094
2017-05-02,62.94355010986328
2017-05-03,62.74373245239258
2017-05-04,62.498470306396484
2017-05-05,62.671058654785156
2017-05-08,62.6165657043457
2017-05-09,62.707401275634766
2017-05-10,62.952613830566406
2017-05-11,62.18059158325195
2017-05-12,62.10791778564453
2017-05-15,62.153343200683594
2017-05-16,63.40480422973633
2017-05-17,61.64178466796875
2017-05-18,61.851898193359375
2017-05-19,61.83362579345703
2017-05-22,62.527854919433594
2017-05-23,62.73796463012695
2017-05-24,62.82018280029297
2017-05-25,63.59663009643555
2017-05-26,63.9072265625
2017-05-30,64.31831359863281
2017-05-31,63.797603607177734
2017-06-01,64.03512573242188
2017-06-02,65.5514907836914
2017-06-05,66.02650451660156
2017-06-06,66.2457504272461
2017-06-07,66.12698364257812
2017-06-08,65.72505187988281
2017-06-09,64.23609924316406
2017-06-12,63.7427978515625
2017-06-13,64.53752899169922
2017-06-14,64.19041442871094
2017-06-15,63.852420806884766
2017-06-16,63.94374465942383
2017-06-19,64.73847961425781
2017-06-20,63.86156463623047
2017-06-21,64.19041442871094
2017-06-22,64.18128967285156
2017-06-23,65.04908752441406
2017-06-26,64.42793273925781
2017-06-27,63.222103118896484
2017-06-28,63.76105880737305
2017-06-29,62.56441116333008
2017-06-30,62.96633529663086
2017-07-03,62.2720947265625
2017-07-05,63.10337448120117
2017-07-06,62.63748550415039
2017-07-07,63.450462341308594
2017-07-10,63.92551040649414
2017-07-11,63.934654235839844
2017-07-12,64.9942626953125
2017-07-13,65.56062316894531
2017-07-14,66.4832534790039
2017-07-17,67.0039291381836
2017-07-18,66.9582748413086
2017-07-19,67.46981811523438
2017-07-20,67.79867553710938
2017-07-21,67.40586853027344
2017-07-24,67.2322998046875
2017-07-25,67.77124786376953
2017-07-26,67.64337158203125
2017-07-27,66.83036041259766
2017-07-28,66.72076416015625
2017-07-31,66.41017150878906
2017-08-01,66.30056762695312
2017-08-02,66.00824737548828
2017-08-03,65.90776062011719
2017-08-04,66.39189147949219
2017-08-07,66.13611602783203
2017-08-08,66.49237060546875
2017-08-09,66.20006561279297
2017-08-10,65.23178100585938
2017-08-11,66.22747039794922
2017-08-14,67.2231674194336
2017-08-15,67.24153137207031
2017-08-16,67.63642883300781
2017-08-17,66.48848724365234
2017-08-18,66.57110595703125
2017-08-21,66.25889587402344
2017-08-22,67.18643188476562
2017-08-23,66.78235626220703
2017-08-24,66.75481414794922
2017-08-25,66.87420654296875
2017-08-28,66.8833999633789
2017-08-29,67.08541870117188
2017-08-30,67.96702575683594
2017-08-31,68.66498565673828
2017-09-01,67.90274047851562
2017-09-05,67.59971618652344
2017-09-06,67.40682983398438
2017-09-07,68.27008056640625
2017-09-08,67.93948364257812
2017-09-11,68.65579223632812
2017-09-12,68.58230590820312
2017-09-13,69.06903076171875
2017-09-14,68.66498565673828
2017-09-15,69.16088104248047
2017-09-18,69.02312469482422
2017-09-19,69.2802505493164
2017-09-20,68.82111358642578
2017-09-21,68.15071868896484
2017-09-22,68.33436584472656
2017-09-25,67.27825927734375
2017-09-26,67.27825927734375
2017-09-27,67.8200912475586
2017-09-28,67.83847045898438
2017-09-29,68.4078369140625
2017-10-02,68.5180435180664
2017-10-03,68.19660949707031
2017-10-04,68.59152221679688
2017-10-05,69.76702117919922
2017-10-06,69.7945556640625
2017-10-09,70.06087493896484
2017-10-10,70.06087493896484
2017-10-11,70.18024444580078
2017-10-12,70.82308197021484
2017-10-13,71.16290283203125
2017-10-16,71.309814453125
2017-10-17,71.25471496582031
2017-10-18,71.27308654785156
2017-10-19,71.548583984375
2017-10-20,72.3751220703125
2017-10-23,72.39350128173828
2017-10-24,72.4210205078125
2017-10-25,72.20980072021484
2017-10-26,72.3292236328125
2017-10-27,76.96686553955078
2017-10-30,77.04033660888672
2017-10-31,76.38829803466797
2017-11-01,76.38829803466797
2017-11-02,77.187255859375
2017-11-03,77.2699203491211
2017-11-06,77.57296752929688
2017-11-07,77.38927459716797
2017-11-08,77.65562438964844
2017-11-09,77.22399139404297
2017-11-10,77.0219497680664
2017-11-13,77.07704162597656
2017-11-14,77.187255859375
2017-11-15,76.58732604980469
2017-11-16,76.7904052734375
2017-11-17,76.05201721191406
2017-11-20,76.17201232910156
2017-11-21,77.27033233642578
2017-11-22,76.70731353759766
2017-11-24,76.84577941894531
2017-11-27,77.40877532958984
2017-11-28,78.34095764160156
2017-11-29,76.91959381103516
2017-11-30,77.68565368652344
2017-12-01,77.76873016357422
2017-12-04,74.83370971679688
2017-12-05,75.30440521240234
2017-12-06,76.4027328491211
2017-12-07,76.13509368896484
2017-12-08,77.67642974853516
2017-12-11,78.66399383544922
2017-12-12,78.9870376586914
2017-12-13,78.77473449707031
2017-12-14,78.16558837890625
2017-12-15,80.15917205810547
2017-12-18,79.72537994384766
2017-12-19,79.21778869628906
2017-12-20,78.931640625
2017-12-21,78.9131851196289
2017-12-22,78.92240905761719
2017-12-26,78.82091522216797
2017-12-27,79.10702514648438
2017-12-28,79.11624145507812
2017-12-29,78.95011901855469
2018-01-02,79.32852935791016
2018-01-03,79.69771575927734
2018-01-04,80.3991470336914
2018-01-05,81.39596557617188
2018-01-08,81.4790267944336
2018-01-09,81.42363739013672
2018-01-10,81.05445861816406
2018-01-11,81.29444122314453
2018-01-12,82.69731903076172
2018-01-16,81.54363250732422
2018-01-17,83.19573974609375
2018-01-18,83.15880584716797
2018-01-19,83.06652069091797
2018-01-22,84.552490234375
2018-01-23,84.82013702392578
2018-01-24,84.74629974365234
2018-01-25,85.21702575683594
2018-01-26,86.81373596191406
2018-01-29,86.68453216552734
2018-01-30,85.59542083740234
2018-01-31,87.6905517578125
2018-02-01,86.99833679199219
2018-02-02,84.70938110351562
2018-02-05,81.22058868408203
2018-02-06,84.29405212402344
2018-02-07,82.70658874511719
2018-02-08,78.46096801757812
2018-02-09,81.38671875
2018-02-12,82.26353454589844
2018-02-13,82.90962982177734
2018-02-14,84.20785522460938
2018-02-15,85.92333221435547
2018-02-16,85.31132507324219
2018-02-20,85.9789810180664
2018-02-21,84.83837127685547
2018-02-22,85.06094360351562
2018-02-23,87.22154235839844
2018-02-26,88.482666015625
2018-02-27,87.35137939453125
2018-02-28,86.95265197753906
2018-03-01,86.09953308105469
2018-03-02,86.28498077392578
2018-03-05,86.83206939697266
2018-03-06,86.53535461425781
2018-03-07,87.03610229492188
2018-03-08,87.56465911865234
2018-03-09,89.52124786376953
2018-03-12,89.73451232910156
2018-03-13,87.5461196899414
2018-03-14,87.02680969238281
2018-03-15,87.33281707763672
2018-03-16,87.7222900390625
2018-03-19,86.13660430908203
2018-03-20,86.3591537475586
2018-03-21,85.75642395019531
2018-03-22,83.2619857788086
2018-03-23,80.84174346923828
2018-03-26,86.96189880371094
2018-03-27,82.96526336669922
2018-03-28,82.89105224609375
2018-03-29,84.63439178466797
2018-04-02,82.08429718017578
2018-04-03,83.18778991699219
2018-04-04,85.61731719970703
2018-04-05,85.66368103027344
2018-04-06,83.6700210571289
2018-04-09,84.17072296142578
2018-04-10,86.12733459472656
2018-04-11,85.1814956665039
2018-04-12,86.77642822265625
2018-04-13,86.31280517578125
2018-04-16,87.32353973388672
2018-04-17,89.0854263305664
2018-04-18,89.42852020263672
2018-04-19,89.12250518798828
2018-04-20,88.09317779541016
2018-04-23,88.41775512695312
2018-04-24,86.3498764038086
2018-04-25,85.59877014160156
2018-04-26,87.40701293945312
2018-04-27,88.85360717773438
2018-04-30,86.72078704833984
2018-05-01,88.09317779541016
2018-05-02,86.71155548095703
2018-05-03,87.2308120727539
2018-05-04,88.24159240722656
2018-05-07,89.22452545166016
2018-05-08,88.84431457519531
2018-05-09,89.89215850830078
2018-05-10,90.79163360595703
2018-05-11,90.596923828125
2018-05-14,90.90293884277344
2018-05-15,90.24454498291016
2018-05-16,90.47737121582031
2018-05-17,89.5739974975586
2018-05-18,89.74163055419922
2018-05-21,90.89644622802734
2018-05-22,90.8033218383789
2018-05-23,91.8836669921875
2018-05-24,91.55769348144531
2018-05-25,91.60425567626953
2018-05-29,91.27831268310547
2018-05-30,92.15373229980469
2018-05-31,92.05130004882812
2018-06-01,93.86737823486328
2018-06-04,94.6869125366211
2018-06-05,95.17119598388672
2018-06-06,95.45059967041016
2018-06-07,93.95118713378906
2018-06-08,94.64965057373047
2018-06-11,94.10951232910156
2018-06-12,94.35164642333984
2018-06-13,93.92323303222656
2018-06-14,94.45409393310547
2018-06-15,93.252685546875
2018-06-18,93.93256378173828
2018-06-19,93.93256378173828
2018-06-20,94.87317657470703
2018-06-21,94.19332122802734
2018-06-22,93.51347351074219
2018-06-25,91.63219451904297
2018-06-26,92.27478790283203
2018-06-27,90.840576171875
2018-06-28,91.85572814941406
2018-06-29,91.83708953857422
2018-07-02,93.14093017578125
2018-07-03,92.24686431884766
2018-07-05,92.90809631347656
2018-07-06,94.21195983886719
2018-07-09,94.85454559326172
2018-07-10,95.10600280761719
2018-07-11,94.97563934326172
2018-07-12,97.03382110595703
2018-07-13,98.18865966796875
2018-07-16,97.70438385009766
2018-07-17,98.67294311523438
2018-07-18,97.89994812011719
2018-07-19,97.22943115234375
2018-07-20,98.9709701538086
2018-07-23,100.55419921875
2018-07-24,100.26549530029297
2018-07-25,103.2177734375
2018-07-26,102.09088897705078
2018-07-27,100.28414154052734
2018-07-30,98.13277435302734
2018-07-31,98.79402923583984
2018-08-01,98.98026275634766
2018-08-02,100.18169403076172
2018-08-03,100.61939239501953
2018-08-06,100.70323944091797
2018-08-07,101.40170288085938
2018-08-08,101.96980285644531
2018-08-09,102.137451171875
2018-08-10,101.51346588134766
2018-08-13,100.77771759033203
2018-08-14,102.03502655029297
2018-08-15,100.65135192871094
2018-08-16,100.63263702392578
2018-08-17,100.57654571533203
2018-08-20,99.91278839111328
2018-08-21,99.08071899414062
2018-08-22,100.09039306640625
2018-08-23,100.55784606933594
2018-08-24,101.34318542480469
2018-08-27,102.46504974365234
2018-08-28,103.08207702636719
2018-08-29,104.72750854492188
2018-08-30,104.66206359863281
2018-08-31,105.01732635498047
2018-09-04,104.43770599365234
2018-09-05,101.42731475830078
2018-09-06,101.66105651855469
2018-09-07,101.16554260253906
2018-09-10,102.2593765258789
2018-09-11,103.99828338623047
2018-09-12,104.43770599365234
2018-09-13,105.55958557128906
2018-09-14,105.98963928222656
2018-09-17,104.8396987915039
2018-09-18,105.84005737304688
2018-09-19,104.42833709716797
2018-09-20,106.1766128540039
2018-09-21,106.82169342041016
2018-09-24,107.20500183105469
2018-09-25,106.99930572509766
2018-09-26,106.55990600585938
2018-09-27,106.9619369506836
2018-09-28,106.92450714111328
2018-10-01,108.08379364013672
2018-10-02,107.65374755859375
2018-10-03,107.67243957519531
2018-10-04,105.44739532470703
2018-10-05,104.83036041259766
2018-10-08,103.6336669921875
2018-10-09,104.95188903808594
2018-10-10,99.2490005493164
2018-10-11,99.0152816772461
2018-10-12,102.43699645996094
2018-10-15,100.59526062011719
2018-10-16,103.77391052246094
2018-10-17,103.50279235839844
2018-10-18,101.4366683959961
2018-10-19,101.58626556396484
2018-10-22,102.49311065673828
2018-10-23,101.06270599365234
2018-10-24,95.65897369384766
2018-10-25,101.24967193603516
2018-10-26,99.9969253540039
2018-10-29,97.08937072753906
2018-10-30,96.9771957397461
2018-10-31,99.85667419433594
2018-11-01,99.02464294433594
2018-11-02,99.2490005493164
2018-11-05,100.51110076904297
2018-11-06,100.70745086669922
2018-11-07,104.67141723632812
2018-11-08,104.47509002685547
2018-11-09,102.43699645996094
2018-11-12,99.91278839111328
2018-11-13,99.97822570800781
2018-11-14,98.5604248046875
2018-11-15,100.7293701171875
2018-11-16,101.67770385742188
2018-11-19,98.2318115234375
2018-11-20,95.49948120117188
2018-11-21,96.81401062011719
2018-11-23,96.77644348144531
2018-11-26,99.96882629394531
2018-11-27,100.59793090820312
2018-11-28,104.33489990234375
2018-11-29,103.46168518066406
2018-11-30,104.11894226074219
2018-12-03,105.24567413330078
2018-12-04,101.8936538696289
2018-12-06,102.52273559570312
2018-12-07,98.41957092285156
2018-12-10,101.02043914794922
2018-12-11,101.95940399169922
2018-12-12,102.41944885253906
2018-12-13,102.7668685913086
2018-12-14,99.55569458007812
2018-12-17,96.6074447631836
2018-12-18,97.6214828491211
2018-12-19,97.35858154296875
2018-12-20,95.31169891357422
2018-12-21,92.23197174072266
2018-12-24,88.38232421875
2018-12-26,94.41969299316406
2018-12-27,95.00183868408203
2018-12-28,94.26007080078125
2018-12-31,95.36805725097656
2019-01-02,94.94549560546875
2019-01-03,91.4526596069336
2019-01-04,95.70604705810547
2019-01-07,95.8281021118164
2019-01-08,96.52293395996094
2019-01-09,97.90314483642578
2019-01-10,97.27406311035156
2019-01-11,96.52293395996094
2019-01-14,95.81871795654297
2019-01-15,98.59799194335938
2019-01-16,98.94538879394531
2019-01-17,99.64022064208984
2019-01-18,101.13311767578125
2019-01-22,99.22706604003906
2019-01-23,100.19417572021484
2019-01-24,99.7153091430664
2019-01-25,100.62610626220703
2019-01-28,98.66372680664062
2019-01-29,96.6543960571289
2019-01-30,99.88433837890625
2019-01-31,98.05340576171875
2019-02-01,96.504150390625
2019-02-04,99.28340911865234
2019-02-05,100.67304229736328
2019-02-06,99.55569458007812
2019-02-07,98.84210205078125
2019-02-08,99.21768188476562
2019-02-11,98.82332611083984
2019-02-12,100.36316680908203
2019-02-13,100.28805541992188
2019-02-14,100.3725814819336
2019-02-15,101.61196899414062
2019-02-19,101.56501770019531
2019-02-20,101.03697204589844
2019-02-21,103.16804504394531
2019-02-22,104.6390380859375
2019-02-25,105.22366333007812
2019-02-26,105.94972229003906
2019-02-27,105.77057647705078
2019-02-28,105.63856506347656
2019-03-01,106.11004638671875
2019-03-04,105.8554458618164
2019-03-05,105.327392578125
2019-03-06,105.37454223632812
2019-03-07,104.09212493896484
2019-03-08,104.20527648925781
2019-03-11,106.39293670654297
2019-03-12,107.13785552978516
2019-03-13,107.96764373779297
2019-03-14,108.05250549316406
2019-03-15,109.29721069335938
2019-03-18,110.86251068115234
2019-03-19,110.93794250488281
2019-03-20,110.81535339355469
2019-03-21,113.361328125
2019-03-22,110.37217712402344
2019-03-25,110.9473648071289
2019-03-26,111.18311309814453
2019-03-27,110.1081314086914
2019-03-28,110.25901794433594
2019-03-29,111.2114028930664
2019-04-01,112.22978973388672
2019-04-02,112.39009857177734
2019-04-03,113.1255874633789
2019-04-04,112.55039978027344
2019-04-05,113.0501480102539
2019-04-08,113.08785247802734
2019-04-09,112.47496032714844
2019-04-10,113.33301544189453
2019-04-11,113.46503448486328
2019-04-12,114.04966735839844
2019-04-15,114.14395141601562
2019-04-16,113.87992858886719
2019-04-17,114.82289123535156
2019-04-18,116.33161926269531
2019-04-22,116.6993637084961
2019-04-23,118.28349304199219
2019-04-24,117.8780517578125
2019-04-25,121.7818603515625
2019-04-26,122.47964477539062
2019-04-29,122.36650848388672
2019-04-30,123.14911651611328
2019-05-01,120.58433532714844
2019-05-02,119.00959014892578
2019-05-03,121.54610443115234
2019-05-06,120.83889770507812
2019-05-07,118.35894012451172
2019-05-08,118.34952545166016
2019-05-09,118.340087890625
2019-05-10,119.87708282470703
2019-05-13,116.31275939941406
2019-05-14,117.61402130126953
2019-05-15,119.2702865600586
2019-05-16,122.02440643310547
2019-05-17,121.21049499511719
2019-05-20,119.45957946777344
2019-05-21,120.10315704345703
2019-05-22,120.83191680908203
2019-05-23,119.4217300415039
2019-05-24,119.47850799560547
2019-05-28,119.40280151367188
2019-05-29,118.24813842773438
2019-05-30,118.99583435058594
2019-05-31,117.05562591552734
2019-06-03,113.42127990722656
2019-06-04,116.56348419189453
2019-06-05,119.0904769897461
2019-06-06,120.97388458251953
2019-06-07,124.36213684082031
2019-06-10,125.49784088134766
2019-06-11,125.02462768554688
2019-06-12,124.44733428955078
2019-06-13,125.23286437988281
2019-06-14,125.35588836669922
2019-06-17,125.73445892333984
2019-06-18,127.92074584960938
2019-06-19,128.42239379882812
2019-06-20,129.61483764648438
2019-06-21,129.6338348388672
2019-06-24,130.40042114257812
2019-06-25,126.28343200683594
2019-06-26,126.75662231445312
2019-06-27,126.96482849121094
2019-06-28,126.78500366210938
2019-07-01,128.41290283203125
2019-07-02,129.2646942138672
2019-07-03,130.09756469726562
2019-07-05,129.71900939941406
2019-07-08,129.6243438720703
2019-07-09,129.15115356445312
2019-07-10,130.46664428710938
2019-07-11,130.98721313476562
2019-07-12,131.46041870117188
2019-07-15,131.46041870117188
2019-07-16,129.73793029785156
2019-07-17,128.97129821777344
2019-07-18,129.11322021484375
2019-07-19,129.30250549316406
2019-07-22,131.01559448242188
2019-07-23,131.82952880859375
2019-07-24,133.18295288085938
2019-07-25,132.68130493164062
2019-07-26,133.76976013183594
2019-07-29,133.47637939453125
2019-07-30,132.832763671875
2019-07-31,128.97129821777344
2019-08-01,130.6654052734375
2019-08-02,129.5675506591797
2019-08-05,125.12876892089844
2019-08-06,127.47589111328125
2019-08-07,128.0343017578125
2019-08-08,131.45095825195312
2019-08-09,130.33419799804688
2019-08-12,128.51702880859375
2019-08-13,131.17649841308594
2019-08-14,127.22621154785156
2019-08-15,126.94133758544922
2019-08-16,129.26785278320312
2019-08-19,131.43287658691406
2019-08-20,130.34083557128906
2019-08-21,131.79371643066406
2019-08-22,130.8346405029297
2019-08-23,126.66595458984375
2019-08-26,128.62205505371094
2019-08-27,128.89747619628906
2019-08-28,128.7265625
2019-08-29,131.15748596191406
2019-08-30,130.91058349609375
2019-09-03,129.18235778808594
2019-09-04,130.6922149658203
2019-09-05,132.99021911621094
2019-09-06,132.088134765625
2019-09-09,130.58773803710938
2019-09-10,129.22035217285156
2019-09-11,129.25831604003906
2019-09-12,130.58773803710938
2019-09-13,130.39781188964844
2019-09-16,129.45774841308594
2019-09-17,130.46429443359375
2019-09-18,131.53732299804688
2019-09-19,133.9587860107422
2019-09-20,132.41094970703125
2019-09-23,132.12606811523438
2019-09-24,130.454833984375
2019-09-25,132.33502197265625
2019-09-26,132.5059051513672
2019-09-27,130.78717041015625
2019-09-30,132.0216064453125
2019-10-01,130.16043090820312
2019-10-02,127.86241149902344
2019-10-03,129.41026306152344
2019-10-04,131.15748596191406
2019-10-07,130.20791625976562
2019-10-08,128.83102416992188
2019-10-09,131.27146911621094
2019-10-10,132.088134765625
2019-10-11,132.6388397216797
2019-10-14,132.515380859375
2019-10-15,134.43359375
2019-10-16,133.3320770263672
2019-10-17,132.6483917236328
2019-10-18,130.48330688476562
2019-10-21,131.45187377929688
2019-10-22,129.49569702148438
2019-10-23,130.3218994140625
2019-10-24,132.88577270507812
2019-10-25,133.63592529296875
2019-10-28,136.9215087890625
2019-10-29,135.63011169433594
2019-10-30,137.3203582763672
2019-10-31,136.14283752441406
2019-11-01,136.4752197265625
2019-11-04,137.26336669921875
2019-11-05,137.17791748046875
2019-11-06,136.79808044433594
2019-11-07,136.9879608154297
2019-11-08,138.602294921875
2019-11-11,138.74473571777344
2019-11-12,139.65635681152344
2019-11-13,139.8842315673828
2019-11-14,140.596435546875
2019-11-15,142.41012573242188
2019-11-18,142.7615203857422
2019-11-19,142.80899047851562
2019-11-20,142.56126403808594
2019-11-21,142.42787170410156
2019-11-22,142.53268432617188
2019-11-25,144.09530639648438
2019-11-26,144.85757446289062
2019-11-27,145.13389587402344
2019-11-29,144.23825073242188
2019-12-02,142.49453735351562
2019-12-03,142.26589965820312
2019-12-04,142.78042602539062
2019-12-05,142.8566131591797
2019-12-06,144.59075927734375
2019-12-09,144.21920776367188
2019-12-10,144.00001525878906
2019-12-11,144.5431365966797
2019-12-12,146.010498046875
2019-12-13,147.2396240234375
2019-12-16,148.1924285888672
2019-12-17,147.39210510253906
2019-12-18,147.08714294433594
2019-12-19,148.3639678955078
2019-12-20,149.98373413085938
2019-12-23,149.98373413085938
2019-12-24,149.9551544189453
2019-12-26,151.18431091308594
2019-12-27,151.46060180664062
2019-12-30,150.15524291992188
2019-12-31,150.2600555419922
2020-01-02,153.0423126220703
2020-01-03,151.1366729736328
2020-01-06,151.5272979736328
2020-01-07,150.1457061767578
2020-01-08,152.53729248046875
2020-01-09,154.4429168701172
2020-01-10,153.72837829589844
2020-01-13,155.5767822265625
2020-01-14,154.48106384277344
2020-01-15,155.4814910888672
2020-01-16,158.33047485351562
2020-01-17,159.2165985107422
2020-01-21,158.64491271972656
2020-01-22,157.8826141357422
2020-01-23,158.8545379638672
2020-01-24,157.2537384033203
2020-01-27,154.6239776611328
2020-01-28,157.6539306640625
2020-01-29,160.11224365234375
2020-01-30,164.62860107421875
2020-01-31,162.19895935058594
2020-02-03,166.15313720703125
2020-02-04,171.62234497070312
2020-02-05,171.4127197265625
2020-02-06,174.96676635742188
2020-02-07,175.21446228027344
2020-02-10,179.7975616455078
2020-02-11,175.73851013183594
2020-02-12,175.99581909179688
2020-02-13,175.04295349121094
2020-02-14,176.60562133789062
2020-02-18,178.39688110351562
2020-02-19,178.93190002441406
2020-02-20,176.1993865966797
2020-02-21,170.6293182373047
2020-02-24,163.27252197265625
2020-02-25,160.57821655273438
2020-02-26,162.58460998535156
2020-02-27,151.1290740966797
2020-02-28,154.788330078125
2020-03-02,165.0878448486328
2020-03-03,157.1769256591797
2020-03-04,162.94769287109375
2020-03-05,158.8584442138672
2020-03-06,154.36798095703125
2020-03-09,143.90603637695312
2020-03-10,153.7469940185547
2020-03-11,146.78192138671875
2020-03-12,132.86135864257812
2020-03-13,151.75010681152344
2020-03-16,129.38365173339844
2020-03-17,140.0365753173828
2020-03-18,134.1416015625
2020-03-19,136.34869384765625
2020-03-20,131.22756958007812
2020-03-23,129.9186248779297
2020-03-24,141.7277069091797
2020-03-25,140.3710479736328
2020-03-26,149.15135192871094
2020-03-27,143.0270538330078
2020-03-30,153.0877227783203
2020-03-31,150.68006896972656
2020-04-01,145.32962036132812
2020-04-02,148.33924865722656
2020-04-03,146.9729766845703
2020-04-06,157.90304565429688
2020-04-07,156.20240783691406
2020-04-08,157.7693328857422
2020-04-09,157.77879333496094
2020-04-13,158.13233947753906
2020-04-14,165.95726013183594
2020-04-15,164.21841430664062
2020-04-16,169.1483917236328
2020-04-17,170.63885498046875
2020-04-20,167.25665283203125
2020-04-21,160.3394012451172
2020-04-22,165.78529357910156
2020-04-23,163.77890014648438
2020-04-24,166.76939392089844
2020-04-27,166.2917022705078
2020-04-28,162.2406463623047
2020-04-29,169.52096557617188
2020-04-30,171.2216796875
2020-05-01,166.78851318359375
2020-05-04,170.8681640625
2020-05-05,172.7025909423828
2020-05-06,174.40322875976562
2020-05-07,175.41598510742188
2020-05-08,176.4477996826172
2020-05-11,178.41604614257812
2020-05-12,174.3745880126953
2020-05-13,171.73760986328125
2020-05-14,172.48280334472656
2020-05-15,174.99560546875
2020-05-18,176.66758728027344
2020-05-19,175.44467163085938
2020-05-20,177.87818908691406
2020-05-21,175.74163818359375
2020-05-22,175.8182830810547
2020-05-26,173.95962524414062
2020-05-27,174.1895294189453
2020-05-28,173.79672241210938
2020-05-29,175.56912231445312
2020-06-01,175.16677856445312
2020-06-02,177.1595916748047
2020-06-03,177.59075927734375
2020-06-04,175.25303649902344
2020-06-05,179.35360717773438
2020-06-08,180.46498107910156
2020-06-09,181.84469604492188
2020-06-10,188.58958435058594
2020-06-11,178.46258544921875
2020-06-12,179.87100219726562
2020-06-15,181.0207061767578
2020-06-16,185.45663452148438
2020-06-17,186.0985565185547
2020-06-18,188.09140014648438
2020-06-19,186.97039794921875
2020-06-22,192.16322326660156
2020-06-23,193.44705200195312
2020-06-24,189.54763793945312
2020-06-25,191.94288635253906
2020-06-26,188.1009521484375
2020-06-29,190.12252807617188
2020-06-30,194.98001098632812
2020-07-01,196.1201171875
2020-07-02,197.61476135253906
2020-07-06,201.86863708496094
2020-07-07,199.52133178710938
2020-07-08,203.9093780517578
2020-07-09,205.33692932128906
2020-07-10,204.7141571044922
2020-07-13,198.39077758789062
2020-07-14,199.61712646484375
2020-07-15,199.32015991210938
2020-07-16,195.37283325195312
2020-07-17,194.3764190673828
2020-07-20,202.73094177246094
2020-07-21,200.00038146972656
2020-07-22,202.8746337890625
2020-07-23,194.05068969726562
2020-07-24,192.8626251220703
2020-07-27,195.30575561523438
2020-07-28,193.55247497558594
2020-07-29,195.5069580078125
2020-07-30,195.3536376953125
2020-07-31,196.41709899902344
2020-08-03,207.4638214111328
2020-08-04,204.35006713867188
2020-08-05,204.01475524902344
2020-08-06,207.28182983398438
2020-08-07,203.57398986816406
2020-08-10,199.52133178710938
2020-08-11,194.85548400878906
2020-08-12,200.42193603515625
2020-08-13,199.95248413085938
2020-08-14,200.14410400390625
2020-08-17,201.46624755859375
2020-08-18,202.62557983398438
2020-08-19,201.39622497558594
2020-08-20,206.08297729492188
2020-08-21,204.58473205566406
2020-08-24,205.2282257080078
2020-08-25,207.8981170654297
2020-08-26,212.39279174804688
2020-08-27,217.6078338623047
2020-08-28,219.8455352783203
2020-08-31,216.59939575195312
2020-09-01,218.2704620361328
2020-09-02,222.47703552246094
2020-09-03,208.6952667236328
2020-09-04,205.76605224609375
2020-09-08,194.63494873046875
2020-09-09,202.92323303222656
2020-09-10,197.23770141601562
2020-09-11,195.95074462890625
2020-09-14,197.276123046875
2020-09-15,200.51266479492188
2020-09-16,196.93032836914062
2020-09-17,194.87510681152344
2020-09-18,192.45489501953125
2020-09-21,194.51974487304688
2020-09-22,199.20651245117188
2020-09-23,192.64694213867188
2020-09-24,195.14401245117188
2020-09-25,199.59068298339844
2020-09-28,201.1465301513672
2020-09-29,199.05282592773438
2020-09-30,202.00128173828125
2020-10-01,204.0469207763672
2020-10-02,198.02523803710938
2020-10-05,202.04930114746094
2020-10-06,197.75628662109375
2020-10-07,201.52108764648438
2020-10-08,202.24134826660156
2020-10-09,207.2642822265625
2020-10-12,212.6329345703125
2020-10-13,214.03512573242188
2020-10-14,212.1143035888672
2020-10-15,210.96185302734375
2020-10-16,210.96185302734375
2020-10-19,205.73724365234375
2020-10-20,206.15020751953125
2020-10-21,206.29425048828125
2020-10-22,206.3806915283203
2020-10-23,207.6676025390625
2020-10-26,201.7611541748047
2020-10-27,204.80563354492188
2020-10-28,194.65420532226562
2020-10-29,196.61341857910156
2020-10-30,194.45254516601562
2020-11-02,194.31808471679688
2020-11-03,198.25570678710938
2020-11-04,207.8213348388672
2020-11-05,214.4480743408203
2020-11-06,214.86105346679688
2020-11-09,209.74209594726562
2020-11-10,202.65432739257812
2020-11-11,207.97494506835938
2020-11-12,206.908935546875
2020-11-13,207.9365692138672
2020-11-16,208.62803649902344
2020-11-17,205.96774291992188
2020-11-18,203.2523193359375
2020-11-19,204.54263305664062
2020-11-20,202.58790588378906
2020-11-23,202.31829833984375
2020-11-24,205.92921447753906
2020-11-25,205.9388427734375
2020-11-27,207.24844360351562
2020-11-30,206.13143920898438
2020-12-01,208.19207763671875
2020-12-02,207.38319396972656
2020-12-03,206.29513549804688
2020-12-04,206.4107208251953
2020-12-07,206.34326171875
2020-12-08,207.99945068359375
2020-12-09,203.94561767578125
2020-12-10,202.71307373046875
2020-12-11,205.35145568847656
2020-12-14,206.25657653808594
2020-12-15,206.18923950195312
2020-12-16,211.14820861816406
2020-12-17,211.28305053710938
2020-12-18,210.48379516601562
2020-12-21,214.33546447753906
2020-12-22,215.6354217529297
2020-12-23,212.82371520996094
2020-12-24,214.48956298828125
2020-12-28,216.6175994873047
2020-12-29,215.8376007080078
2020-12-30,213.459228515625
2020-12-31,214.17178344726562
2021-01-04,209.61717224121094
2021-01-05,209.8194122314453
2021-01-06,204.37893676757812
2021-01-07,210.1949005126953
2021-01-08,211.47560119628906
2021-01-11,209.4246063232422
2021-01-12,206.9595184326172
2021-01-13,208.31727600097656
2021-01-14,205.12034606933594
2021-01-15,204.7640838623047
2021-01-19,208.41354370117188
2021-01-20,216.0205841064453
2021-01-21,216.627197265625
2021-01-22,217.5708770751953
2021-01-25,221.01809692382812
2021-01-26,223.71424865722656
2021-01-27,224.2631378173828
2021-01-28,230.06948852539062
2021-01-29,223.35800170898438
2021-02-01,230.7628173828125
2021-02-02,230.6280059814453
2021-02-03,233.98858642578125
2021-02-04,233.0352783203125
2021-02-05,233.21826171875
2021-02-08,233.47821044921875
2021-02-09,234.73004150390625
2021-02-10,233.81529235839844
2021-02-11,235.42332458496094
2021-02-12,235.90478515625
2021-02-16,234.66265869140625
2021-02-17,235.68565368652344
2021-02-18,235.28994750976562
2021-02-19,232.56829833984375
2021-02-22,226.3335418701172
2021-02-23,225.13674926757812
2021-02-24,226.37210083007812
2021-02-25,221.00595092773438
2021-02-26,224.2777862548828
2021-03-01,228.6787872314453
2021-03-02,225.7158203125
2021-03-03,219.62583923339844
2021-03-04,218.82476806640625
2021-03-05,223.52499389648438
2021-03-08,219.46177673339844
2021-03-09,225.6289825439453
2021-03-10,224.31639099121094
2021-03-11,228.86219787597656
2021-03-12,227.53028869628906
2021-03-15,226.62306213378906
2021-03-16,229.42193603515625
2021-03-17,228.77529907226562
2021-03-18,222.67567443847656
2021-03-19,222.31858825683594
2021-03-22,227.76190185546875
2021-03-23,229.2964630126953
2021-03-24,227.2504119873047
2021-03-25,224.2391815185547
2021-03-26,228.23480224609375
2021-03-29,227.03807067871094
2021-03-30,223.76626586914062
2021-03-31,227.54957580566406
2021-04-01,233.90020751953125
2021-04-05,240.38589477539062
2021-04-06,239.21807861328125
2021-04-07,241.18695068359375
2021-04-08,244.4201202392578
2021-04-09,246.92945861816406
2021-04-12,246.98739624023438
2021-04-13,249.4773712158203
2021-04-14,246.6785430908203
2021-04-15,250.45220947265625
2021-04-16,251.6489715576172
2021-04-19,249.71871948242188
2021-04-20,249.2554168701172
2021-04-21,251.4945526123047
2021-04-22,248.2034912109375
2021-04-23,252.04469299316406
2021-04-26,252.4307098388672
2021-04-27,252.83604431152344
2021-04-28,245.68446350097656
2021-04-29,243.70591735839844
2021-04-30,243.38743591308594
2021-05-03,243.07859802246094
2021-05-04,239.15049743652344
2021-05-05,237.87649536132812
2021-05-06,241.02284240722656
2021-05-07,243.6576690673828
2021-05-10,238.56175231933594
2021-05-11,237.6448974609375
2021-05-12,230.66700744628906
2021-05-13,234.5564422607422
2021-05-14,239.4979705810547
2021-05-17,236.6314697265625
2021-05-18,234.60470581054688
2021-05-19,235.1851348876953
2021-05-20,238.43551635742188
2021-05-21,237.16819763183594
2021-05-24,242.59510803222656
2021-05-25,243.5044708251953
2021-05-26,243.281982421875
2021-05-27,241.17311096191406
2021-05-28,241.53102111816406
2021-06-01,239.325439453125
2021-06-02,239.22869873046875
2021-06-03,237.6906280517578
2021-06-04,242.60482788085938
2021-06-07,245.52626037597656
2021-06-08,244.3267059326172
2021-06-09,245.31341552734375
2021-06-10,248.84426879882812
2021-06-11,249.47308349609375
2021-06-14,251.40780639648438
2021-06-15,249.92771911621094
2021-06-16,248.9797821044922
2021-06-17,252.3848419189453
2021-06-18,250.9628448486328
2021-06-21,254.0583953857422
2021-06-22,256.8443603515625
2021-06-23,256.6122131347656
2021-06-24,257.9859313964844
2021-06-25,256.37042236328125
2021-06-28,259.9496154785156
2021-06-29,262.5420837402344
2021-06-30,262.05841064453125
2021-07-01,262.735595703125
2021-07-02,268.58819580078125
2021-07-06,268.5978698730469
2021-07-07,270.793701171875
2021-07-08,268.36572265625
2021-07-09,268.86865234375
2021-07-12,268.2688903808594
2021-07-13,271.8095397949219
2021-07-14,273.28955078125
2021-07-15,271.85784912109375
2021-07-16,271.58697509765625
2021-07-19,267.9690856933594
2021-07-20,270.2037048339844
2021-07-21,272.2157897949219
2021-07-22,276.80108642578125
2021-07-23,280.21588134765625
2021-07-26,279.6161193847656
2021-07-27,277.1880187988281
2021-07-28,276.8785095214844
2021-07-29,277.1492919921875
2021-07-30,275.6112365722656
2021-08-02,275.52410888671875
2021-08-03,277.7491149902344
2021-08-04,277.15899658203125
2021-08-05,280.07073974609375
2021-08-06,280.0126953125
2021-08-09,278.91961669921875
2021-08-10,277.09130859375
2021-08-11,277.5845947265625
2021-08-12,280.3512878417969
2021-08-13,283.2921142578125
2021-08-16,284.9849548339844
2021-08-17,283.51458740234375
2021-08-18,281.7796936035156
2021-08-19,287.6337585449219
2021-08-20,294.99005126953125
2021-08-23,295.27117919921875
2021-08-24,293.3035583496094
2021-08-25,292.7124328613281
2021-08-26,289.88226318359375
2021-08-27,290.4929504394531
2021-08-30,294.2437744140625
2021-08-31,292.5863952636719
2021-09-01,292.5379638671875
2021-09-02,291.8789367675781
2021-09-03,291.8691101074219
2021-09-07,290.938720703125
2021-09-08,290.9677734375
2021-09-09,288.09893798828125
2021-09-10,286.6064147949219
2021-09-13,287.84698486328125
2021-09-14,290.560791015625
2021-09-15,295.4359436035156
2021-09-16,295.82354736328125
2021-09-17,290.6383056640625
2021-09-20,285.23968505859375
2021-09-21,285.72430419921875
2021-09-22,289.38800048828125
2021-09-23,290.3378601074219
2021-09-24,290.13433837890625
2021-09-27,285.1138000488281
2021-09-28,274.7916259765625
2021-09-29,275.2568054199219
2021-09-30,273.2408752441406
2021-10-01,280.1999206542969
2021-10-04,274.39422607421875
2021-10-05,279.87030029296875
2021-10-06,284.08636474609375
2021-10-07,285.7728271484375
2021-10-08,285.7728271484375
2021-10-11,285.1719055175781
2021-10-12,283.863525390625
2021-10-13,287.1878662109375
2021-10-14,293.4296875
2021-10-15,294.84466552734375
2021-10-18,297.82989501953125
2021-10-19,298.740966796875
2021-10-20,297.9461975097656
2021-10-21,301.19305419921875
2021-10-22,299.6423034667969
2021-10-25,298.6439514160156
2021-10-26,300.56298828125
2021-10-27,313.22100830078125
2021-10-28,314.3646545410156
2021-10-29,321.41082763671875
2021-11-01,319.2300720214844
2021-11-02,322.8743896484375
2021-11-03,323.7175598144531
2021-11-04,326.0824279785156
2021-11-05,325.7141418457031
2021-11-08,326.6155090332031
2021-11-09,325.6075744628906
2021-11-10,320.6160888671875
2021-11-11,322.1959533691406
2021-11-12,326.3538513183594
2021-11-15,325.7239074707031
2021-11-16,329.0579528808594
2021-11-17,329.2812805175781
2021-11-18,331.3689270019531
2021-11-19,333.155517578125
2021-11-22,329.9705810546875
2021-11-23,327.883056640625
2021-11-24,328.10638427734375
2021-11-26,320.11517333984375
2021-11-29,326.86346435546875
2021-11-30,320.9987487792969
2021-12-01,320.5035400390625
2021-12-02,319.9306640625
2021-12-03,313.63873291015625
2021-12-06,316.72637939453125
2021-12-07,325.2031555175781
2021-12-08,325.2516784667969
2021-12-09,323.4360046386719
2021-12-10,332.60205078125
2021-12-13,329.5530700683594
2021-12-14,318.81402587890625
2021-12-15,324.94091796875
2021-12-16,315.4737854003906
2021-12-17,314.40570068359375
2021-12-20,310.6285705566406
2021-12-21,317.7945251464844
2021-12-22,323.5330505371094
2021-12-23,324.97979736328125
2021-12-27,332.5146484375
2021-12-28,331.34942626953125
2021-12-29,332.02911376953125
2021-12-30,329.4754638671875
2021-12-31,326.5624694824219
2022-01-03,325.03802490234375
2022-01-04,319.4646301269531
2022-01-05,307.20098876953125
2022-01-06,304.7735290527344
2022-01-07,304.92889404296875
2022-01-10,305.15216064453125
2022-01-11,305.8416442871094
2022-01-12,309.0361633300781
2022-01-13,295.9569396972656
2022-01-14,301.2002868652344
2022-01-18,293.8693542480469
2022-01-19,294.52960205078125
2022-01-20,292.8498229980469
2022-01-21,287.4414367675781
2022-01-24,287.77154541015625
2022-01-25,280.1201477050781
2022-01-26,288.1016540527344
2022-01-27,291.1408996582031
2022-01-28,299.3166198730469
2022-01-31,301.9576416015625
2022-02-01,299.8021240234375
2022-02-02,304.36572265625
2022-02-03,292.5100402832031
2022-02-04,297.0638732910156
2022-02-07,292.21868896484375
2022-02-08,295.72393798828125
2022-02-09,302.1810302734375
2022-02-10,293.60723876953125
2022-02-11,286.4801330566406
2022-02-14,286.44122314453125
2022-02-15,291.75262451171875
2022-02-16,291.4120178222656
2022-02-17,282.87890625
2022-02-18,280.15447998046875
2022-02-22,279.9501037597656
2022-02-23,272.7013854980469
2022-02-24,286.6346130371094
2022-02-25,289.2812194824219
2022-02-28,290.72125244140625
2022-03-01,286.9849548339844
2022-03-02,292.0834045410156
2022-03-03,287.9288330078125
2022-03-04,282.0323181152344
2022-03-07,271.3781433105469
2022-03-08,268.40069580078125
2022-03-09,280.7091064453125
2022-03-10,277.8777160644531
2022-03-11,272.50677490234375
2022-03-14,268.97479248046875
2022-03-15,279.3955383300781
2022-03-16,286.4400939941406
2022-03-17,287.2476806640625
2022-03-18,292.31695556640625
2022-03-21,291.0812683105469
2022-03-22,295.84893798828125
2022-03-23,291.4023132324219
2022-03-24,295.8877868652344
2022-03-25,295.4791259765625
2022-03-28,302.30963134765625
2022-03-29,306.8924255371094
2022-03-30,305.3842468261719
2022-03-31,299.98419189453125
2022-04-01,301.06414794921875
2022-04-04,306.46429443359375
2022-04-05,302.4847412109375
2022-04-06,291.4120178222656
2022-04-07,293.2315368652344
2022-04-08,288.95037841796875
2022-04-11,277.55657958984375
2022-04-12,274.44305419921875
2022-04-13,279.85284423828125
2022-04-14,272.2732238769531
2022-04-18,272.94464111328125
2022-04-19,277.59552001953125
2022-04-20,278.62689208984375
2022-04-21,273.22674560546875
2022-04-22,266.6298828125
2022-04-25,273.1392517089844
2022-04-26,262.9226989746094
2022-04-27,275.57171630859375
2022-04-28,281.80859375
2022-04-29,270.0256042480469
2022-05-02,276.7879638671875
2022-05-03,274.1706237792969
2022-05-04,282.1491394042969
2022-05-05,269.8602294921875
2022-05-06,267.3110046386719
2022-05-09,257.4350891113281
2022-05-10,262.22222900390625
2022-05-11,253.51388549804688
2022-05-12,248.454345703125
2022-05-13,254.0685272216797
2022-05-16,254.438232421875
2022-05-17,259.61456298828125
2022-05-18,247.79443359375
2022-05-19,246.87770080566406
2022-05-20,246.31201171875
2022-05-23,254.2018280029297
2022-05-24,253.19735717773438
2022-05-25,256.025634765625
2022-05-26,259.322021484375
2022-05-27,266.48040771484375
2022-05-31,265.1443176269531
2022-06-01,265.6807861328125
2022-06-02,267.78729248046875
2022-06-03,263.340087890625
2022-06-06,262.1014709472656
2022-06-07,265.7586975097656
2022-06-08,263.720458984375
2022-06-09,258.2394714355469
2022-06-10,246.73138427734375
2022-06-13,236.26683044433594
2022-06-14,238.44168090820312
2022-06-15,245.53176879882812
2022-06-16,238.9097900390625
2022-06-17,241.52346801757812
2022-06-21,247.46282958984375
2022-06-22,246.867919921875
2022-06-23,252.45619201660156
2022-06-24,261.0774841308594
2022-06-27,258.33697509765625
2022-06-28,250.1350860595703
2022-06-29,253.82154846191406
2022-06-30,250.4763641357422
2022-07-01,253.15829467773438
2022-07-05,256.3475036621094
2022-07-06,259.62432861328125
2022-07-07,261.7601623535156
2022-07-08,261.0384826660156
2022-07-11,257.9664001464844
2022-07-12,247.39456176757812
2022-07-13,246.46807861328125
2022-07-14,247.79443359375
2022-07-15,250.36912536621094
2022-07-18,247.960205078125
2022-07-19,253.1095428466797
2022-07-20,255.7817840576172
2022-07-21,258.28826904296875
2022-07-22,253.9190216064453
2022-07-25,252.42689514160156
2022-07-26,245.66835021972656
2022-07-27,262.0917663574219
2022-07-28,269.5719299316406
2022-07-29,273.79486083984375
2022-08-01,271.1324768066406
2022-08-02,268.02130126953125
2022-08-03,275.4821472167969
2022-08-04,276.63287353515625
2022-08-05,275.9112243652344
2022-08-08,273.38525390625
2022-08-09,275.3163146972656
2022-08-10,282.0066223144531
2022-08-11,279.9195251464844
2022-08-12,284.68853759765625
2022-08-15,286.2099914550781
2022-08-16,285.4687194824219
2022-08-17,284.7162170410156
2022-08-18,283.59228515625
2022-08-19,279.66339111328125
2022-08-22,271.453857421875
2022-08-23,270.1735534667969
2022-08-24,269.53826904296875
2022-08-25,272.5289001464844
2022-08-26,262.0127868652344
2022-08-29,259.2176513671875
2022-08-30,257.0088806152344
2022-08-31,255.5428466796875
2022-09-01,254.4970703125
2022-09-02,250.2554931640625
2022-09-06,247.5092010498047
2022-09-07,252.23947143554688
2022-09-08,252.6597442626953
2022-09-09,258.46502685546875
2022-09-12,260.60546875
2022-09-13,246.27777099609375
2022-09-14,246.50254821777344
2022-09-15,239.81759643554688
2022-09-16,239.19212341308594
2022-09-19,238.97711181640625
2022-09-20,236.95404052734375
2022-09-21,233.53334045410156
2022-09-22,235.51734924316406
2022-09-23,232.52670288085938
2022-09-26,232.06736755371094
2022-09-27,231.05091857910156
2022-09-28,235.60531616210938
2022-09-29,232.11624145507812
2022-09-30,227.62051391601562
2022-10-03,235.28280639648438
2022-10-04,243.23826599121094
2022-10-05,243.55101013183594
2022-10-06,241.19564819335938
2022-10-07,228.9301300048828
2022-10-10,224.05322265625
2022-10-11,220.30030822753906
2022-10-12,220.63258361816406
2022-10-13,228.9301300048828
2022-10-14,223.37887573242188
2022-10-17,232.14556884765625
2022-10-18,233.0935516357422
2022-10-19,231.1193389892578
2022-10-20,230.7968292236328
2022-10-21,236.6315155029297
2022-10-24,241.64523315429688
2022-10-25,244.97792053222656
2022-10-26,226.07630920410156
2022-10-27,221.6099395751953
2022-10-28,230.523193359375
2022-10-31,226.86795043945312
2022-11-01,222.99771118164062
2022-11-02,215.11068725585938
2022-11-03,209.393310546875
2022-11-04,216.3714141845703
2022-11-07,222.70452880859375
2022-11-08,223.68185424804688
2022-11-09,219.42066955566406
2022-11-10,237.4720001220703
2022-11-11,241.50840759277344
2022-11-14,236.07444763183594
2022-11-15,236.48487854003906
2022-11-16,236.9161376953125
2022-11-17,236.8671417236328
2022-11-18,236.41629028320312
2022-11-21,237.22976684570312
2022-11-22,240.15040588378906
2022-11-23,242.64964294433594
2022-11-25,242.56143188476562
2022-11-28,236.94554138183594
2022-11-29,235.5440216064453
2022-11-30,250.05908203125
2022-12-01,249.61802673339844
2022-12-02,249.9414825439453
2022-12-05,245.2174530029297
2022-12-06,240.2386016845703
2022-12-07,239.50357055664062
2022-12-08,242.47323608398438
2022-12-09,240.53262329101562
2022-12-12,247.48146057128906
2022-12-13,251.8036346435547
2022-12-14,252.09765625
2022-12-15,244.05116271972656
2022-12-16,239.81716918945312
2022-12-19,235.66162109375
2022-12-20,236.98475646972656
2022-12-21,239.5623779296875
2022-12-22,233.44664001464844
2022-12-23,233.97589111328125
2022-12-27,232.2411346435547
2022-12-28,229.8594970703125
2022-12-29,236.21044921875
2022-12-30,235.04417419433594
2023-01-03,234.8089599609375
2023-01-04,224.5376434326172
2023-01-05,217.88287353515625
2023-01-06,220.45069885253906
2023-01-09,222.5970916748047
2023-01-10,224.29261779785156
2023-01-11,231.07479858398438
2023-01-12,233.76026916503906
2023-01-13,234.46591186523438
2023-01-17,235.56361389160156
2023-01-18,231.11402893066406
2023-01-19,227.311279296875
2023-01-20,235.43618774414062
2023-01-23,237.74920654296875
2023-01-24,237.219970703125
2023-01-25,235.8184356689453
2023-01-26,243.06124877929688
2023-01-27,243.2180633544922
2023-01-30,237.87660217285156
2023-01-31,242.8750457763672
2023-02-01,247.7166748046875
2023-02-02,259.3306884765625
2023-02-03,253.20521545410156
2023-02-06,251.65663146972656
2023-02-07,262.2317199707031
2023-02-08,261.41827392578125
2023-02-09,258.3702392578125
2023-02-10,257.86053466796875
2023-02-13,265.9168701171875
2023-02-14,266.7499694824219
2023-02-15,264.61785888671875
2023-02-16,257.5730285644531
2023-02-17,253.55442810058594
2023-02-21,248.25852966308594
2023-02-22,247.11875915527344
2023-02-23,250.32186889648438
2023-02-24,244.86875915527344
2023-02-27,245.79234313964844
2023-02-28,245.0652618408203
2023-03-01,241.9702911376953
2023-03-02,246.7257843017578
2023-03-03,250.83279418945312
2023-03-06,252.38522338867188
2023-03-07,249.71267700195312
2023-03-08,249.2705535888672
2023-03-09,247.9146728515625
2023-03-10,244.249755859375
2023-03-13,249.4866943359375
2023-03-14,256.2367858886719
2023-03-15,260.8055419921875
2023-03-16,271.37774658203125
2023-03-17,274.55126953125
2023-03-20,267.47698974609375
2023-03-21,268.9999694824219
2023-03-22,267.53594970703125
2023-03-23,272.8122253417969
2023-03-24,275.67144775390625
2023-03-27,271.5545349121094
2023-03-28,270.4246826171875
2023-03-29,275.61248779296875
2023-03-30,279.0906677246094
2023-03-31,283.26641845703125
2023-04-03,282.2151184082031
2023-04-04,282.1659851074219
2023-04-05,279.3755798339844
2023-04-06,286.50885009765625
2023-04-10,284.3374328613281
2023-04-11,277.8919677734375
2023-04-12,278.54046630859375
2023-04-13,284.7795715332031
2023-04-14,281.1441650390625
2023-04-17,283.7577209472656
2023-04-18,283.335205078125
2023-04-19,283.4139099121094
2023-04-20,281.11468505859375
2023-04-21,280.7707824707031
2023-04-24,276.8504638671875
2023-04-25,270.61138916015625
2023-04-26,290.2130126953125
2023-04-27,299.50787353515625
2023-04-28,301.89544677734375
2023-05-01,300.22509765625
2023-05-02,300.07769775390625
2023-05-03,299.0852966308594
2023-05-04,300.07769775390625
2023-05-05,305.2262268066406
2023-05-08,303.2611389160156
2023-05-09,301.6399230957031
2023-05-10,306.8572692871094
2023-05-11,304.6956481933594
2023-05-12,303.5755920410156
2023-05-15,304.0569763183594
2023-05-16,306.29718017578125
2023-05-17,309.19219970703125
2023-05-18,313.6429748535156
2023-05-19,313.46575927734375
2023-05-22,316.2622375488281
2023-05-23,310.43292236328125
2023-05-24,309.04449462890625
2023-05-25,320.9296875
2023-05-26,327.79296875
2023-05-30,326.138671875
2023-05-31,323.36187744140625
2023-06-01,327.4877014160156
2023-06-02,330.26446533203125
2023-06-05,330.7962646484375
2023-06-06,328.57086181640625
2023-06-07,318.4285583496094
2023-06-08,320.2798156738281
2023-06-09,321.78631591796875
2023-06-12,326.7688903808594
2023-06-13,329.1715087890625
2023-06-14,332.1748352050781
2023-06-15,342.77008056640625
2023-06-16,337.0884704589844
2023-06-20,332.8739318847656
2023-06-21,328.4526672363281
2023-06-22,334.50848388671875
2023-06-23,329.890380859375
2023-06-26,323.56866455078125
2023-06-27,329.447265625
2023-06-28,330.7076416015625
2023-06-29,329.9198913574219
2023-06-30,335.3258056640625
2023-07-03,332.81488037109375
2023-07-05,332.9723815917969
2023-07-06,336.0446472167969
2023-07-07,332.0566711425781
2023-07-10,326.7491149902344
2023-07-11,327.37939453125
2023-07-12,332.0369873046875
2023-07-13,337.41339111328125
2023-07-14,339.953857421875
2023-07-17,340.4364013671875
2023-07-18,353.9857177734375
2023-07-19,349.64312744140625
2023-07-20,341.55889892578125
2023-07-21,338.50634765625
2023-07-24,339.8258361816406
2023-07-25,345.6059875488281
2023-07-26,332.5982360839844
2023-07-27,325.65618896484375
2023-07-28,333.18902587890625
2023-07-31,330.7765808105469
2023-08-01,331.1900939941406
2023-08-02,322.4854736328125
2023-08-03,321.65838623046875
2023-08-04,322.76116943359375
2023-08-07,325.0555419921875
2023-08-08,321.05767822265625
2023-08-09,317.29620361328125
2023-08-10,317.98541259765625
2023-08-11,316.0948181152344
2023-08-14,319.0784606933594
2023-08-15,316.93182373046875
2023-08-16,316.1621398925781
2023-08-17,312.6887512207031
2023-08-18,312.2940368652344
2023-08-21,317.62261962890625
2023-08-22,318.1949462890625
2023-08-23,322.6748962402344
2023-08-24,315.7378845214844
2023-08-25,318.7080383300781
2023-08-28,319.41851806640625
2023-08-29,324.0661926269531
2023-08-30,324.441162109375
2023-08-31,323.4248046875
2023-09-01,324.31292724609375
2023-09-05,329.13824462890625
2023-09-06,328.4771423339844
2023-09-07,325.54638671875
2023-09-08,329.84869384765625
2023-09-11,333.47021484375
2023-09-12,327.38177490234375
2023-09-13,331.6150207519531
2023-09-14,334.2200927734375
2023-09-15,325.8522644042969
2023-09-18,324.70758056640625
2023-09-19,324.3030090332031
2023-09-20,316.52728271484375
2023-09-21,315.3036804199219
2023-09-22,312.8170166015625
2023-09-25,313.3399963378906
2023-09-26,308.0114440917969
2023-09-27,308.65277099609375
2023-09-28,309.4916076660156
2023-09-29,311.57366943359375
2023-10-02,317.5436096191406
2023-10-03,309.244873046875
2023-10-04,314.7412109375
2023-10-05,315.13592529296875
2023-10-06,322.93145751953125
2023-10-09,325.4575500488281
2023-10-10,324.0465087890625
2023-10-11,328.0232238769531
2023-10-12,326.7798767089844
2023-10-13,323.3952331542969
2023-10-16,328.24029541015625
2023-10-17,327.6679382324219
2023-10-18,325.7437438964844
2023-10-19,326.9377136230469
2023-10-20,322.3492431640625
2023-10-23,324.96417236328125
2023-10-24,326.1581726074219
2023-10-25,336.16412353515625
2023-10-26,323.5531311035156
2023-10-27,325.4477233886719
2023-10-30,332.8485107421875
2023-10-31,333.637939453125
2023-11-01,341.49261474609375
2023-11-02,343.712890625
2023-11-03,348.1336364746094
2023-11-06,351.81427001953125
2023-11-07,355.76141357421875
2023-11-08,358.39605712890625
2023-11-09,355.91925048828125
2023-11-10,364.7804870605469
2023-11-13,361.83001708984375
2023-11-14,365.3725280761719
2023-11-15,365.5208435058594
2023-11-16,371.94793701171875
2023-11-17,365.6988830566406
2023-11-20,373.20367431640625
2023-11-21,368.88275146484375
2023-11-22,373.60906982421875
2023-11-24,373.1937255859375
2023-11-27,374.3605041503906
2023-11-28,378.40460205078125
2023-11-29,374.59783935546875
2023-11-30,374.6571350097656
2023-12-01,370.30657958984375
2023-12-04,364.9967956542969
2023-12-05,368.3388671875
2023-12-06,364.6606140136719
2023-12-07,366.7865295410156
2023-12-08,370.02972412109375
2023-12-11,367.1325988769531
2023-12-12,370.1780090332031
2023-12-13,370.1681213378906
2023-12-14,361.8228454589844
2023-12-15,366.5690002441406
2023-12-18,368.4674072265625
2023-12-19,369.0705871582031
2023-12-20,366.4602355957031
2023-12-21,369.347412109375
2023-12-22,370.3757629394531
2023-12-26,370.45489501953125
2023-12-27,369.8714599609375
2023-12-28,371.0679016113281
2023-12-29,371.8193359375
2024-01-02,366.7074279785156
2024-01-03,366.4404296875
2024-01-04,363.8102722167969
2024-01-05,363.6224060058594
2024-01-08,370.4845275878906
2024-01-09,371.5721740722656
2024-01-10,378.47381591796875
2024-01-11,380.3129577636719
2024-01-12,384.10986328125
2024-01-16,385.8896179199219
2024-01-17,385.0986328125
2024-01-18,389.44921875
2024-01-19,394.19537353515625
2024-01-22,392.0596923828125
2024-01-23,394.42279052734375
2024-01-24,398.0417175292969
2024-01-25,400.32574462890625
2024-01-26,399.3963928222656
2024-01-29,405.121337890625
2024-01-30,404.0039978027344
2024-01-31,393.11761474609375
2024-02-01,399.2480163574219
2024-02-02,406.6044921875
2024-02-05,401.0970458984375
2024-02-06,400.93878173828125
2024-02-07,409.4027404785156
2024-02-08,409.4620666503906
2024-02-09,415.82977294921875
2024-02-12,410.5991516113281
2024-02-13,401.759521484375
2024-02-14,405.6426696777344
2024-02-15,402.74017333984375
2024-02-16,400.2637023925781
2024-02-20,399.005615234375
2024-02-21,398.4013671875
2024-02-22,407.7823791503906
2024-02-23,406.4847106933594
2024-02-26,403.7110595703125
2024-02-27,403.6515197753906
2024-02-28,403.8893127441406
2024-02-29,409.7536926269531
2024-03-01,411.5961608886719
2024-03-04,411.02166748046875
2024-03-05,398.8669128417969
2024-03-06,398.31219482421875
2024-03-07,405.2960205078125
2024-03-08,402.4034118652344
2024-03-11,400.7193908691406
2024-03-12,411.3782958984375
2024-03-13,411.1999816894531
2024-03-14,421.22491455078125
2024-03-15,412.507568359375
2024-03-18,413.39910888671875
2024-03-19,417.45068359375
2024-03-20,421.23480224609375
2024-03-21,425.33587646484375
2024-03-22,424.7117919921875
2024-03-25,418.88702392578125
2024-03-26,417.68841552734375
2024-03-27,417.4704895019531
2024-03-28,416.76715087890625
2024-04-01,420.58099365234375
2024-04-02,417.4803771972656
2024-04-03,416.4997253417969
2024-04-04,413.953857421875
2024-04-05,421.52203369140625
2024-04-08,420.600830078125
2024-04-09,422.27490234375
2024-04-10,419.28326416015625
2024-04-11,423.909423828125
2024-04-12,417.93609619140625
2024-04-15,409.7536926269531
2024-04-16,410.6848449707031
2024-04-17,407.9705810546875
2024-04-18,400.47174072265625
2024-04-19,395.3701171875
2024-04-22,397.19281005859375
2024-04-23,403.7407531738281
2024-04-24,405.2166748046875
2024-04-25,395.2908630371094
2024-04-26,402.5024719238281
2024-04-29,398.470703125
2024-04-30,385.67205810546875
2024-05-01,391.2293701171875
2024-05-02,394.10211181640625
2024-05-03,402.8392639160156
2024-05-06,409.6546325683594
2024-05-07,405.4941101074219
2024-05-08,406.6828308105469
2024-05-09,408.44610595703125
2024-05-10,410.8433532714844
2024-05-13,409.83294677734375
2024-05-14,412.6462707519531
2024-05-15,419.86090087890625
2024-05-16,417.7868347167969
2024-05-17,417.0127868652344
2024-05-20,422.103759765625
2024-05-21,425.77557373046875
2024-05-22,427.24432373046875
2024-05-23,423.7510986328125
2024-05-24,426.8870544433594
2024-05-28,427.0458679199219
2024-05-29,425.9046325683594
2024-05-30,411.51495361328125
2024-05-31,411.9714660644531
2024-06-03,410.3736877441406
2024-06-04,412.904296875
2024-06-05,420.7839050292969
2024-06-06,421.28997802734375
2024-06-07,420.6250915527344
2024-06-10,424.614501953125
2024-06-11,429.38787841796875
2024-06-12,437.70416259765625
2024-06-13,438.2201843261719
2024-06-14,439.2026672363281
2024-06-17,444.9585266113281
2024-06-18,442.9439697265625
2024-06-20,442.308837890625
2024-06-21,446.3577880859375
2024-06-24,444.2638854980469
2024-06-25,447.5188903808594
2024-06-26,448.71966552734375
2024-06-27,449.4044494628906
2024-06-28,443.5493469238281
2024-07-01,453.25494384765625
2024-07-02,455.7855224609375
2024-07-03,457.26416015625
2024-07-05,464.0024719238281
2024-07-08,462.69256591796875
2024-07-09,456.04351806640625
2024-07-10,462.7024841308594
2024-07-11,451.2403564453125
2024-07-12,450.09912109375
2024-07-15,450.5059814453125
2024-07-16,446.0997619628906
2024-07-17,440.1454162597656
2024-07-18,437.0194091796875
2024-07-19,433.7841796875
2024-07-22,439.5698547363281
2024-07-23,441.4653015136719
2024-07-24,425.63665771484375
2024-07-25,415.2165222167969
2024-07-26,422.0342712402344
2024-07-29,423.4831848144531
2024-07-30,419.7021789550781
2024-07-31,415.1669006347656
2024-08-01,413.93634033203125
2024-08-02,405.3819580078125
2024-08-05,392.1434326171875
2024-08-06,396.56951904296875
2024-08-07,395.3985290527344
2024-08-08,399.6261291503906
2024-08-09,402.9307556152344
2024-08-12,403.7146911621094
2024-08-13,410.8599853515625
2024-08-14,413.6882629394531
2024-08-15,418.5796203613281
2024-08-16,416.0345153808594
2024-08-19,419.07672119140625
2024-08-20,422.32769775390625
2024-08-21,421.67156982421875
2024-08-22,413.13153076171875
2024-08-23,414.36431884765625
2024-08-26,411.08349609375
2024-08-27,411.43145751953125
2024-08-28,408.2103271484375
2024-08-29,410.71563720703125
2024-08-30,414.7122802734375
2024-09-03,407.05706787109375
2024-09-04,406.5202331542969
2024-09-05,406.0132141113281
2024-09-06,399.3621520996094
2024-09-09,403.3587646484375
2024-09-10,411.7894287109375
2024-09-11,420.57794189453125
2024-09-12,424.514892578125
2024-09-13,428.083984375
2024-09-16,428.8296203613281
2024-09-17,432.61749267578125
2024-09-18,428.302734375
2024-09-19,436.1368713378906
2024-09-20,432.73675537109375
2024-09-23,430.9870300292969
2024-09-24,426.67230224609375
2024-09-25,429.5951232910156
2024-09-26,428.7998046875
2024-09-27,425.5289611816406
2024-09-30,427.7956848144531
2024-10-01,418.24163818359375
2024-10-02,414.7023620605469
2024-10-03,414.11578369140625
2024-10-04,413.6385498046875
2024-10-07,407.1565246582031
2024-10-08,412.29638671875
2024-10-09,415.0303955078125
2024-10-10,413.4198303222656
2024-10-11,413.89703369140625
2024-10-14,416.7006530761719
2024-10-15,416.302978515625
2024-10-16,413.6982116699219
2024-10-17,414.2947082519531
2024-10-18,415.72637939453125
2024-10-21,416.3427429199219
2024-10-22,425.0219421386719
2024-10-23,422.1288757324219
2024-10-24,422.25811767578125
2024-10-25,425.658203125
2024-10-28,424.1072998046875
2024-10-29,429.43609619140625
2024-10-30,430.0126953125
2024-10-31,403.985107421875
2024-11-01,407.9816589355469
2024-11-04,406.082763671875
2024-11-05,409.0653076171875
2024-11-06,417.7345886230469
2024-11-07,422.9540100097656
2024-11-08,420.08087158203125
2024-11-11,415.57720947265625
2024-11-12,420.5679931640625
2024-11-13,422.7253723144531
2024-11-14,424.4055480957031
2024-11-15,412.5847473144531
2024-11-18,413.34033203125
2024-11-19,415.3585205078125
2024-11-20,413.0718688964844
2024-11-21,411.2887268066406
2024-11-22,415.40289306640625
2024-11-25,417.1860656738281
2024-11-26,426.350830078125
2024-11-27,421.3699645996094
2024-11-29,421.83819580078125
2024-12-02,429.3293762207031
2024-12-03,429.5485534667969
2024-12-04,435.7447204589844
2024-12-05,440.9248046875
2024-12-06,441.87115478515625
2024-12-09,444.311767578125
2024-12-10,441.6320495605469
2024-12-11,447.2704162597656
2024-12-12,447.83819580078125
2024-12-13,445.5569763183594
2024-12-16,449.86041259765625
2024-12-17,452.7194519042969
2024-12-18,435.71484375
2024-12-19,435.356201171875
2024-12-20,434.9278869628906
2024-12-23,433.5830383300781
2024-12-24,437.64739990234375
2024-12-26,436.43206787109375
2024-12-27,428.881103515625
2024-12-30,423.2029113769531
2024-12-31,419.88568115234375
2025-01-02,416.97686767578125
2025-01-03,421.7286071777344
2025-01-06,426.21136474609375
2025-01-07,420.7523498535156
2025-01-08,422.9339599609375
2025-01-10,417.345458984375
2025-01-13,415.5921936035156
2025-01-14,414.0780334472656
2025-01-15,424.67724609375
2025-01-16,422.953857421875
2025-01-17,427.3868408203125
2025-01-21,426.85888671875
2025-01-22,444.4910888671875
2025-01-23,444.9991149902344
2025-01-24,442.3592834472656
2025-01-27,432.8956604003906
2025-01-28,445.4872741699219
2025-01-29,440.6358947753906
2025-01-30,413.4006042480469
2025-01-31,413.4703369140625
2025-02-03,409.3462219238281
2025-02-04,410.7906494140625
2025-02-05,411.7071228027344
2025-02-06,414.2274475097656
2025-02-07,408.1806945800781
2025-02-10,410.6412048339844
2025-02-11,409.86419677734375
2025-02-12,407.473388671875
2025-02-13,408.9676513671875
2025-02-14,406.86572265625
2025-02-18,408.07110595703125
2025-02-19,413.1814270019531
2025-02-20,415.3674621582031
2025-02-21,407.4619445800781
2025-02-24,403.2596740722656
2025-02-25,397.17083740234375
2025-02-26,398.99749755859375
2025-02-27,391.8106994628906
2025-02-28,396.26251220703125
2025-03-03,387.778076171875
2025-03-04,387.8978576660156
2025-03-05,400.2851257324219
2025-03-06,396.1627197265625
2025-03-07,392.5892639160156
2025-03-10,379.46337890625
2025-03-11,379.7528381347656
2025-03-12,382.5676574707031
2025-03-13,378.0758972167969
2025-03-14,387.84796142578125
2025-03-17,387.98773193359375
2025-03-18,382.81719970703125
2025-03-19,387.1093444824219
2025-03-20,386.131103515625
2025-03-21,390.54302978515625
2025-03-24,392.35968017578125
2025-03-25,394.4358825683594
2025-03-26,389.2554016113281
2025-03-27,389.8642578125
2025-03-28,378.1058349609375
2025-03-31,374.7021179199219
2025-04-01,381.4896545410156
2025-04-02,381.43975830078125
2025-04-03,372.42626953125
2025-04-04,359.18060302734375
2025-04-07,357.2042236328125
2025-04-08,353.9102783203125
2025-04-09,389.7744140625
2025-04-10,380.65118408203125
2025-04-11,387.7381896972656
2025-04-14,387.0993347167969
2025-04-15,385.0231628417969
2025-04-16,370.92901611328125
2025-04-17,367.1060485839844
2025-04-21,358.4619140625
2025-04-22,366.1478271484375
2025-04-23,373.7039489746094
2025-04-24,386.59027099609375
2025-04-25,391.1319580078125
2025-04-28,390.4432067871094
2025-04-29,393.31793212890625
2025-04-30,394.53570556640625
2025-05-01,424.6204528808594
2025-05-02,434.48236083984375
2025-05-05,435.3707275390625
2025-05-06,432.5159606933594
2025-05-07,432.555908203125
2025-05-08,437.3670654296875
2025-05-09,437.9260559082031
2025-05-12,448.4367370605469
2025-05-13,448.3169860839844
2025-05-14,452.1099853515625
2025-05-15,453.1300048828125
